point,x_translated,y_translated,x_normalized,y_normalized
1,0,184,0.0,0.8761904761904762
2,56,182,0.23430962343096234,0.8666666666666667
3,113,210,0.47280334728033474,1.0
4,168,95,0.702928870292887,0.4523809523809524
5,239,0,1.0,0.0
