{
  "degree_2": [
    0.0059250081797268895,
    -4.92146616963432,
    1303.731346377413
  ],
  "degree_3": [
    -1.1451250770233608e-05,
    0.02247441289124125,
    -12.7530998567784,
    2516.3614180674335
  ],
  "degree_4": [
    -1.3540678587767664e-06,
    0.0025819992396452053,
    -1.818955796969624,
    561.5745798811465,
    -63862.67764501225
  ]
}