{
  "metadata": {
    "original_image": "origin_points.csv",
    "num_points": 5,
    "coordinate_systems": [
      "translated",
      "normalized"
    ]
  },
  "points_translated": {
    "x": [
      0,
      56,
      113,
      168,
      239
    ],
    "y": [
      184,
      182,
      210,
      95,
      0
    ],
    "range": {
      "x_min": 0.0,
      "x_max": 239.0,
      "y_min": 0.0,
      "y_max": 210.0
    }
  },
  "points_normalized": {
    "x": [
      0.0,
      0.23430962343096234,
      0.47280334728033474,
      0.702928870292887,
      1.0
    ],
    "y": [
      0.8761904761904762,
      0.8666666666666667,
      1.0,
      0.4523809523809524,
      0.0
    ],
    "range": {
      "x_min": 0.0,
      "x_max": 1.0,
      "y_min": 0.0,
      "y_max": 1.0
    }
  },
  "polynomial_fits": {
    "degree_2": {
      "translated_coeffs": [
        -0.005925008179726855,
        0.6317602475120433,
        181.40263512608118
      ],
      "normalized_coeffs": [
        -1.6116304392103675,
        0.7190033293113246,
        0.8638220720289593
      ]
    },
    "degree_3": {
      "translated_coeffs": [
        1.1451250770237088e-05,
        -0.010038354554768824,
        0.9834780413233274,
        178.3473767148147
      ],
      "normalized_coeffs": [
        0.7444359426855588,
        -2.730480240585503,
        1.1192916756013214,
        0.8492732224514978
      ]
    },
    "degree_4": {
      "translated_coeffs": [
        1.354067858776503e-06,
        -0.0006213089801362637,
        0.07955943362814041,
        -2.780413588269726,
        184.00000000000028
      ],
      "normalized_coeffs": [
        21.03840147674429,
        -40.39076128948958,
        21.64054480129988,
        -3.1643754647450635,
        0.87619047619048
      ]
    }
  }
}